<?xml version="1.0" encoding="UTF-8"?>
<project-private xmlns="http://www.netbeans.org/ns/project-private/1">
    <editor-bookmarks xmlns="http://www.netbeans.org/ns/editor-bookmarks/2" lastBookmarkId="0"/>
    <open-files xmlns="http://www.netbeans.org/ns/projectui-open-files/2">
        <group>
            <file>file:/D:/PRO1041_SPRING24/ASM_POLYBEE_PR1041/src/com/asm/polybee/model/Size.java</file>
            <file>file:/D:/PRO1041_SPRING24/ASM_POLYBEE_PR1041/src/com/asm/polybee/service/SanPhamChiTietService.java</file>
            <file>file:/D:/PRO1041_SPRING24/ASM_POLYBEE_PR1041/src/com/raven/component/Menu.java</file>
            <file>file:/D:/PRO1041_SPRING24/ASM_POLYBEE_PR1041/src/com/asm/polybee/model/ChucVu.java</file>
            <file>file:/D:/PRO1041_SPRING24/ASM_POLYBEE_PR1041/src/com/asm/polybee/repository/ChatLieuRepository.java</file>
            <file>file:/D:/PRO1041_SPRING24/ASM_POLYBEE_PR1041/src/com/raven/form/Form_3.java</file>
            <file>file:/D:/PRO1041_SPRING24/ASM_POLYBEE_PR1041/src/com/asm/polybee/repository/SizeRepository.java</file>
            <file>file:/D:/PRO1041_SPRING24/ASM_POLYBEE_PR1041/src/com/asm/polybee/model/HoaDonChiTiet.java</file>
            <file>file:/D:/PRO1041_SPRING24/ASM_POLYBEE_PR1041/src/com/asm/polybee/model/ThuongHieu.java</file>
            <file>file:/D:/PRO1041_SPRING24/ASM_POLYBEE_PR1041/src/com/asm/polybee/repository/NhanVienRepository.java</file>
            <file>file:/D:/PRO1041_SPRING24/ASM_POLYBEE_PR1041/src/com/asm/polybee/service/ThuongHieuService.java</file>
            <file>file:/D:/PRO1041_SPRING24/ASM_POLYBEE_PR1041/src/com/asm/polybee/service/Impl/TheLoaiServiceImpl.java</file>
            <file>file:/D:/PRO1041_SPRING24/ASM_POLYBEE_PR1041/src/com/asm/polybee/service/Impl/SanPhamServiceImpl.java</file>
            <file>file:/D:/PRO1041_SPRING24/ASM_POLYBEE_PR1041/src/com/asm/polybee/repository/SanPhamRepository.java</file>
            <file>file:/D:/PRO1041_SPRING24/ASM_POLYBEE_PR1041/src/com/asm/polybee/service/NhanVienService.java</file>
            <file>file:/D:/PRO1041_SPRING24/ASM_POLYBEE_PR1041/src/com/asm/polybee/service/Impl/ThuongHieuServiceImpl.java</file>
            <file>file:/D:/PRO1041_SPRING24/ASM_POLYBEE_PR1041/src/com/asm/polybee/model/ChatLieu.java</file>
            <file>file:/D:/PRO1041_SPRING24/ASM_POLYBEE_PR1041/src/com/raven/form/Form_4.java</file>
            <file>file:/D:/PRO1041_SPRING24/ASM_POLYBEE_PR1041/src/com/asm/polybee/repository/ThuongHieuRepository.java</file>
            <file>file:/D:/PRO1041_SPRING24/ASM_POLYBEE_PR1041/src/com/asm/polybee/model/TheLoai.java</file>
            <file>file:/D:/PRO1041_SPRING24/ASM_POLYBEE_PR1041/src/com/raven/main/Login.java</file>
            <file>file:/D:/PRO1041_SPRING24/ASM_POLYBEE_PR1041/src/com/asm/polybee/model/SanPhamChiTiet.java</file>
            <file>file:/D:/PRO1041_SPRING24/ASM_POLYBEE_PR1041/src/com/asm/polybee/model/GioHang.java</file>
            <file>file:/D:/PRO1041_SPRING24/ASM_POLYBEE_PR1041/src/com/asm/polybee/service/SanPhamService.java</file>
            <file>file:/D:/PRO1041_SPRING24/ASM_POLYBEE_PR1041/src/com/asm/polybee/repository/KhachHangRepository.java</file>
            <file>file:/D:/PRO1041_SPRING24/ASM_POLYBEE_PR1041/src/com/asm/polybee/repository/SanPhamChiTietRepository.java</file>
            <file>file:/D:/PRO1041_SPRING24/ASM_POLYBEE_PR1041/src/com/asm/polybee/repository/HoaDonRepository.java</file>
            <file>file:/D:/PRO1041_SPRING24/ASM_POLYBEE_PR1041/src/com/asm/polybee/service/SizeService.java</file>
            <file>file:/D:/PRO1041_SPRING24/ASM_POLYBEE_PR1041/src/com/asm/polybee/repository/MauSacRepository.java</file>
            <file>file:/D:/PRO1041_SPRING24/ASM_POLYBEE_PR1041/src/com/raven/form/Form_ThemNhanhKhachHang.java</file>
            <file>file:/D:/PRO1041_SPRING24/ASM_POLYBEE_PR1041/src/com/asm/polybee/service/MauSacService.java</file>
            <file>file:/D:/PRO1041_SPRING24/ASM_POLYBEE_PR1041/src/com/asm/polybee/service/Impl/HoaDonChiTietImpl.java</file>
            <file>file:/D:/PRO1041_SPRING24/ASM_POLYBEE_PR1041/src/com/asm/polybee/model/NhanVien.java</file>
            <file>file:/D:/PRO1041_SPRING24/ASM_POLYBEE_PR1041/src/com/asm/polybee/service/HoaDonService.java</file>
            <file>file:/D:/PRO1041_SPRING24/ASM_POLYBEE_PR1041/src/com/asm/polybee/service/HoaDonChiTietService.java</file>
            <file>file:/D:/PRO1041_SPRING24/ASM_POLYBEE_PR1041/src/com/raven/form/Form.java</file>
            <file>file:/D:/PRO1041_SPRING24/ASM_POLYBEE_PR1041/src/com/asm/polybee/repository/HoaDonChiTietRepository.java</file>
            <file>file:/D:/PRO1041_SPRING24/ASM_POLYBEE_PR1041/src/com/asm/polybee/service/ChatLieuService.java</file>
            <file>file:/D:/PRO1041_SPRING24/ASM_POLYBEE_PR1041/src/com/raven/form/Form_6.java</file>
            <file>file:/D:/PRO1041_SPRING24/ASM_POLYBEE_PR1041/src/com/asm/polybee/service/Impl/KhachHangServiceImpl.java</file>
            <file>file:/D:/PRO1041_SPRING24/ASM_POLYBEE_PR1041/src/com/asm/polybee/repository/TheLoaiRepository.java</file>
            <file>file:/D:/PRO1041_SPRING24/ASM_POLYBEE_PR1041/src/com/asm/polybee/service/Impl/SizeServiceImpl.java</file>
            <file>file:/D:/PRO1041_SPRING24/ASM_POLYBEE_PR1041/src/com/asm/polybee/service/Impl/NhanVienServiceImpl.java</file>
            <file>file:/D:/PRO1041_SPRING24/ASM_POLYBEE_PR1041/src/com/asm/polybee/model/KhachHang.java</file>
            <file>file:/D:/PRO1041_SPRING24/ASM_POLYBEE_PR1041/src/com/asm/polybee/model/SanPham.java</file>
            <file>file:/D:/PRO1041_SPRING24/ASM_POLYBEE_PR1041/src/com/asm/polybee/repository/ChucVuRepository.java</file>
            <file>file:/D:/PRO1041_SPRING24/ASM_POLYBEE_PR1041/src/com/raven/form/Form_7.java</file>
            <file>file:/D:/PRO1041_SPRING24/ASM_POLYBEE_PR1041/src/com/asm/polybee/service/Impl/MauSacServiceImpl.java</file>
            <file>file:/D:/PRO1041_SPRING24/ASM_POLYBEE_PR1041/src/com/asm/polybee/service/Impl/SanPhamChiTietServiceImpl.java</file>
            <file>file:/D:/PRO1041_SPRING24/ASM_POLYBEE_PR1041/src/com/asm/polybee/model/HoaDon.java</file>
            <file>file:/D:/PRO1041_SPRING24/ASM_POLYBEE_PR1041/src/com/asm/polybee/model/ApMaGiamGia.java</file>
            <file>file:/D:/PRO1041_SPRING24/ASM_POLYBEE_PR1041/src/com/raven/form/Form_5.java</file>
            <file>file:/D:/PRO1041_SPRING24/ASM_POLYBEE_PR1041/src/com/asm/polybee/model/MauSac.java</file>
            <file>file:/D:/PRO1041_SPRING24/ASM_POLYBEE_PR1041/src/com/raven/main/Main.java</file>
            <file>file:/D:/PRO1041_SPRING24/ASM_POLYBEE_PR1041/src/com/raven/icon/4.png</file>
            <file>file:/D:/PRO1041_SPRING24/ASM_POLYBEE_PR1041/src/com/asm/polybee/service/Impl/HoaDonServiceImpl.java</file>
            <file>file:/D:/PRO1041_SPRING24/ASM_POLYBEE_PR1041/src/com/asm/polybee/service/KhachHangService.java</file>
            <file>file:/D:/PRO1041_SPRING24/ASM_POLYBEE_PR1041/src/com/asm/polybee/model/PhieuGiamGia.java</file>
            <file>file:/D:/PRO1041_SPRING24/ASM_POLYBEE_PR1041/src/com/asm/polybee/service/Impl/ChatLieuServiceImpl.java</file>
            <file>file:/D:/PRO1041_SPRING24/ASM_POLYBEE_PR1041/src/com/asm/polybee/service/TheLoaiService.java</file>
            <file>file:/D:/PRO1041_SPRING24/ASM_POLYBEE_PR1041/src/com/raven/form/Form_2.java</file>
        </group>
    </open-files>
</project-private>
